<annotation>
	<folder>label-bunga-coleus</folder>
	<filename>coleus 130.jpg</filename>
	<path>/label-bunga-coleus/coleus 130.jpg</path>
	<source>
		<database>Unspecified</database>
	</source>
	<size>
		<width>310</width>
		<height>163</height>
		<depth>3</depth>
	</size>
	<object>
		<name>Bunga Coleus</name>
		<pose>Unspecified</pose>
		<truncated>Unspecified</truncated>
		<difficult>Unspecified</difficult>
		<bndbox>
			<xmin>93</xmin>
			<ymin>5</ymin>
			<xmax>243</xmax>
			<ymax>60</ymax>
		</bndbox>
	</object>
	<object>
		<name>Bunga Coleus</name>
		<pose>Unspecified</pose>
		<truncated>Unspecified</truncated>
		<difficult>Unspecified</difficult>
		<bndbox>
			<xmin>43</xmin>
			<ymin>81</ymin>
			<xmax>159</xmax>
			<ymax>151</ymax>
		</bndbox>
	</object>
	<object>
		<name>Bunga Coleus</name>
		<pose>Unspecified</pose>
		<truncated>Unspecified</truncated>
		<difficult>Unspecified</difficult>
		<bndbox>
			<xmin>191</xmin>
			<ymin>20</ymin>
			<xmax>310</xmax>
			<ymax>134</ymax>
		</bndbox>
	</object>
</annotation>