<annotation>
	<folder>label-bunga-coleus</folder>
	<filename>coleus 107.jpg</filename>
	<path>/label-bunga-coleus/coleus 107.jpg</path>
	<source>
		<database>Unspecified</database>
	</source>
	<size>
		<width>300</width>
		<height>168</height>
		<depth>3</depth>
	</size>
	<object>
		<name>Bunga Coleus</name>
		<pose>Unspecified</pose>
		<truncated>Unspecified</truncated>
		<difficult>Unspecified</difficult>
		<bndbox>
			<xmin>93</xmin>
			<ymin>46</ymin>
			<xmax>288</xmax>
			<ymax>154</ymax>
		</bndbox>
	</object>
	<object>
		<name>Bunga Coleus</name>
		<pose>Unspecified</pose>
		<truncated>Unspecified</truncated>
		<difficult>Unspecified</difficult>
		<bndbox>
			<xmin>174</xmin>
			<ymin>1</ymin>
			<xmax>287</xmax>
			<ymax>38</ymax>
		</bndbox>
	</object>
</annotation>