<annotation>
	<folder>label-bunga-coleus</folder>
	<filename>coleus 77.jpg</filename>
	<path>/label-bunga-coleus/coleus 77.jpg</path>
	<source>
		<database>Unspecified</database>
	</source>
	<size>
		<width>243</width>
		<height>207</height>
		<depth>3</depth>
	</size>
	<object>
		<name>Bunga Coleus</name>
		<pose>Unspecified</pose>
		<truncated>Unspecified</truncated>
		<difficult>Unspecified</difficult>
		<bndbox>
			<xmin>45</xmin>
			<ymin>40</ymin>
			<xmax>178</xmax>
			<ymax>198</ymax>
		</bndbox>
	</object>
</annotation>