<annotation>
	<folder>label-bunga-coleus</folder>
	<filename>coleus 37.jpg</filename>
	<path>/label-bunga-coleus/coleus 37.jpg</path>
	<source>
		<database>Unspecified</database>
	</source>
	<size>
		<width>275</width>
		<height>183</height>
		<depth>3</depth>
	</size>
	<object>
		<name>Bunga Coleus</name>
		<pose>Unspecified</pose>
		<truncated>Unspecified</truncated>
		<difficult>Unspecified</difficult>
		<bndbox>
			<xmin>6</xmin>
			<ymin>8</ymin>
			<xmax>264</xmax>
			<ymax>175</ymax>
		</bndbox>
	</object>
</annotation>