<annotation>
	<folder>label-bunga-coleus</folder>
	<filename>coleus 95.jpg</filename>
	<path>/label-bunga-coleus/coleus 95.jpg</path>
	<source>
		<database>Unspecified</database>
	</source>
	<size>
		<width>214</width>
		<height>235</height>
		<depth>3</depth>
	</size>
	<object>
		<name>Bunga Coleus</name>
		<pose>Unspecified</pose>
		<truncated>Unspecified</truncated>
		<difficult>Unspecified</difficult>
		<bndbox>
			<xmin>15</xmin>
			<ymin>11</ymin>
			<xmax>202</xmax>
			<ymax>221</ymax>
		</bndbox>
	</object>
</annotation>