<annotation>
	<folder>label-bunga-coleus</folder>
	<filename>coleus 122.jpg</filename>
	<path>/label-bunga-coleus/coleus 122.jpg</path>
	<source>
		<database>Unspecified</database>
	</source>
	<size>
		<width>259</width>
		<height>194</height>
		<depth>3</depth>
	</size>
	<object>
		<name>Bunga Coleus</name>
		<pose>Unspecified</pose>
		<truncated>Unspecified</truncated>
		<difficult>Unspecified</difficult>
		<bndbox>
			<xmin>47</xmin>
			<ymin>61</ymin>
			<xmax>198</xmax>
			<ymax>180</ymax>
		</bndbox>
	</object>
	<object>
		<name>Bunga Coleus</name>
		<pose>Unspecified</pose>
		<truncated>Unspecified</truncated>
		<difficult>Unspecified</difficult>
		<bndbox>
			<xmin>109</xmin>
			<ymin>13</ymin>
			<xmax>236</xmax>
			<ymax>91</ymax>
		</bndbox>
	</object>
</annotation>