<annotation>
	<folder>label-bunga-coleus</folder>
	<filename>coleus 112.jpg</filename>
	<path>/label-bunga-coleus/coleus 112.jpg</path>
	<source>
		<database>Unspecified</database>
	</source>
	<size>
		<width>262</width>
		<height>192</height>
		<depth>3</depth>
	</size>
	<object>
		<name>Bunga Coleus</name>
		<pose>Unspecified</pose>
		<truncated>Unspecified</truncated>
		<difficult>Unspecified</difficult>
		<bndbox>
			<xmin>6</xmin>
			<ymin>9</ymin>
			<xmax>140</xmax>
			<ymax>152</ymax>
		</bndbox>
	</object>
	<object>
		<name>Bunga Coleus</name>
		<pose>Unspecified</pose>
		<truncated>Unspecified</truncated>
		<difficult>Unspecified</difficult>
		<bndbox>
			<xmin>162</xmin>
			<ymin>18</ymin>
			<xmax>262</xmax>
			<ymax>155</ymax>
		</bndbox>
	</object>
</annotation>