<annotation>
	<folder>label-bunga-coleus</folder>
	<filename>coleus 113.jpg</filename>
	<path>/label-bunga-coleus/coleus 113.jpg</path>
	<source>
		<database>Unspecified</database>
	</source>
	<size>
		<width>275</width>
		<height>183</height>
		<depth>3</depth>
	</size>
	<object>
		<name>Bunga Coleus</name>
		<pose>Unspecified</pose>
		<truncated>Unspecified</truncated>
		<difficult>Unspecified</difficult>
		<bndbox>
			<xmin>197</xmin>
			<ymin>74</ymin>
			<xmax>247</xmax>
			<ymax>122</ymax>
		</bndbox>
	</object>
	<object>
		<name>Bunga Coleus</name>
		<pose>Unspecified</pose>
		<truncated>Unspecified</truncated>
		<difficult>Unspecified</difficult>
		<bndbox>
			<xmin>66</xmin>
			<ymin>50</ymin>
			<xmax>129</xmax>
			<ymax>93</ymax>
		</bndbox>
	</object>
	<object>
		<name>Bunga Coleus</name>
		<pose>Unspecified</pose>
		<truncated>Unspecified</truncated>
		<difficult>Unspecified</difficult>
		<bndbox>
			<xmin>116</xmin>
			<ymin>66</ymin>
			<xmax>191</xmax>
			<ymax>146</ymax>
		</bndbox>
	</object>
</annotation>