<annotation>
	<folder>label-bunga-coleus</folder>
	<filename>coleus 109.jpg</filename>
	<path>/label-bunga-coleus/coleus 109.jpg</path>
	<source>
		<database>Unspecified</database>
	</source>
	<size>
		<width>195</width>
		<height>259</height>
		<depth>3</depth>
	</size>
	<object>
		<name>Bunga Coleus</name>
		<pose>Unspecified</pose>
		<truncated>Unspecified</truncated>
		<difficult>Unspecified</difficult>
		<bndbox>
			<xmin>4</xmin>
			<ymin>4</ymin>
			<xmax>188</xmax>
			<ymax>147</ymax>
		</bndbox>
	</object>
	<object>
		<name>Bunga Coleus</name>
		<pose>Unspecified</pose>
		<truncated>Unspecified</truncated>
		<difficult>Unspecified</difficult>
		<bndbox>
			<xmin>76</xmin>
			<ymin>107</ymin>
			<xmax>194</xmax>
			<ymax>255</ymax>
		</bndbox>
	</object>
</annotation>