<annotation>
	<folder>label-bunga-coleus</folder>
	<filename>coleus 42.jpg</filename>
	<path>/label-bunga-coleus/coleus 42.jpg</path>
	<source>
		<database>Unspecified</database>
	</source>
	<size>
		<width>242</width>
		<height>208</height>
		<depth>3</depth>
	</size>
	<object>
		<name>Bunga Coleus</name>
		<pose>Unspecified</pose>
		<truncated>Unspecified</truncated>
		<difficult>Unspecified</difficult>
		<bndbox>
			<xmin>73</xmin>
			<ymin>8</ymin>
			<xmax>169</xmax>
			<ymax>69</ymax>
		</bndbox>
	</object>
	<object>
		<name>Bunga Coleus</name>
		<pose>Unspecified</pose>
		<truncated>Unspecified</truncated>
		<difficult>Unspecified</difficult>
		<bndbox>
			<xmin>15</xmin>
			<ymin>48</ymin>
			<xmax>234</xmax>
			<ymax>190</ymax>
		</bndbox>
	</object>
</annotation>