<annotation>
	<folder>label-bunga-coleus</folder>
	<filename>coleus 138.jpg</filename>
	<path>/label-bunga-coleus/coleus 138.jpg</path>
	<source>
		<database>Unspecified</database>
	</source>
	<size>
		<width>263</width>
		<height>192</height>
		<depth>3</depth>
	</size>
	<object>
		<name>Bunga Coleus</name>
		<pose>Unspecified</pose>
		<truncated>Unspecified</truncated>
		<difficult>Unspecified</difficult>
		<bndbox>
			<xmin>8</xmin>
			<ymin>9</ymin>
			<xmax>253</xmax>
			<ymax>162</ymax>
		</bndbox>
	</object>
</annotation>