<annotation>
	<folder>label-bunga-coleus</folder>
	<filename>coleus 46.jpg</filename>
	<path>/label-bunga-coleus/coleus 46.jpg</path>
	<source>
		<database>Unspecified</database>
	</source>
	<size>
		<width>265</width>
		<height>190</height>
		<depth>3</depth>
	</size>
	<object>
		<name>Bunga Coleus</name>
		<pose>Unspecified</pose>
		<truncated>Unspecified</truncated>
		<difficult>Unspecified</difficult>
		<bndbox>
			<xmin>43</xmin>
			<ymin>27</ymin>
			<xmax>186</xmax>
			<ymax>138</ymax>
		</bndbox>
	</object>
	<object>
		<name>Bunga Coleus</name>
		<pose>Unspecified</pose>
		<truncated>Unspecified</truncated>
		<difficult>Unspecified</difficult>
		<bndbox>
			<xmin>223</xmin>
			<ymin>76</ymin>
			<xmax>264</xmax>
			<ymax>153</ymax>
		</bndbox>
	</object>
</annotation>