<annotation>
	<folder>label-bunga-coleus</folder>
	<filename>coleus 19.jpg</filename>
	<path>/label-bunga-coleus/coleus 19.jpg</path>
	<source>
		<database>Unspecified</database>
	</source>
	<size>
		<width>203</width>
		<height>248</height>
		<depth>3</depth>
	</size>
	<object>
		<name>Bunga Coleus</name>
		<pose>Unspecified</pose>
		<truncated>Unspecified</truncated>
		<difficult>Unspecified</difficult>
		<bndbox>
			<xmin>13</xmin>
			<ymin>41</ymin>
			<xmax>183</xmax>
			<ymax>156</ymax>
		</bndbox>
	</object>
</annotation>