<annotation>
	<folder>label-bunga-coleus</folder>
	<filename>Coleus 1.jpg</filename>
	<path>/label-bunga-coleus/Coleus 1.jpg</path>
	<source>
		<database>Unspecified</database>
	</source>
	<size>
		<width>225</width>
		<height>225</height>
		<depth>3</depth>
	</size>
	<object>
		<name>Bunga Coleus</name>
		<pose>Unspecified</pose>
		<truncated>Unspecified</truncated>
		<difficult>Unspecified</difficult>
		<bndbox>
			<xmin>26</xmin>
			<ymin>29</ymin>
			<xmax>180</xmax>
			<ymax>196</ymax>
		</bndbox>
	</object>
</annotation>