<annotation>
	<folder>label-bunga-coleus</folder>
	<filename>coleus 115.jpg</filename>
	<path>/label-bunga-coleus/coleus 115.jpg</path>
	<source>
		<database>Unspecified</database>
	</source>
	<size>
		<width>194</width>
		<height>259</height>
		<depth>3</depth>
	</size>
	<object>
		<name>Bunga Coleus</name>
		<pose>Unspecified</pose>
		<truncated>Unspecified</truncated>
		<difficult>Unspecified</difficult>
		<bndbox>
			<xmin>4</xmin>
			<ymin>6</ymin>
			<xmax>185</xmax>
			<ymax>248</ymax>
		</bndbox>
	</object>
</annotation>