<annotation>
	<folder>label-bunga-coleus</folder>
	<filename>coleus 147.jpg</filename>
	<path>/label-bunga-coleus/coleus 147.jpg</path>
	<source>
		<database>Unspecified</database>
	</source>
	<size>
		<width>300</width>
		<height>168</height>
		<depth>3</depth>
	</size>
	<object>
		<name>Bunga Coleus</name>
		<pose>Unspecified</pose>
		<truncated>Unspecified</truncated>
		<difficult>Unspecified</difficult>
		<bndbox>
			<xmin>10</xmin>
			<ymin>58</ymin>
			<xmax>108</xmax>
			<ymax>118</ymax>
		</bndbox>
	</object>
	<object>
		<name>Bunga Coleus</name>
		<pose>Unspecified</pose>
		<truncated>Unspecified</truncated>
		<difficult>Unspecified</difficult>
		<bndbox>
			<xmin>115</xmin>
			<ymin>58</ymin>
			<xmax>146</xmax>
			<ymax>112</ymax>
		</bndbox>
	</object>
	<object>
		<name>Bunga Coleus</name>
		<pose>Unspecified</pose>
		<truncated>Unspecified</truncated>
		<difficult>Unspecified</difficult>
		<bndbox>
			<xmin>149</xmin>
			<ymin>54</ymin>
			<xmax>173</xmax>
			<ymax>101</ymax>
		</bndbox>
	</object>
	<object>
		<name>Bunga Coleus</name>
		<pose>Unspecified</pose>
		<truncated>Unspecified</truncated>
		<difficult>Unspecified</difficult>
		<bndbox>
			<xmin>180</xmin>
			<ymin>49</ymin>
			<xmax>205</xmax>
			<ymax>92</ymax>
		</bndbox>
	</object>
	<object>
		<name>Bunga Coleus</name>
		<pose>Unspecified</pose>
		<truncated>Unspecified</truncated>
		<difficult>Unspecified</difficult>
		<bndbox>
			<xmin>210</xmin>
			<ymin>46</ymin>
			<xmax>228</xmax>
			<ymax>96</ymax>
		</bndbox>
	</object>
	<object>
		<name>Bunga Coleus</name>
		<pose>Unspecified</pose>
		<truncated>Unspecified</truncated>
		<difficult>Unspecified</difficult>
		<bndbox>
			<xmin>234</xmin>
			<ymin>51</ymin>
			<xmax>253</xmax>
			<ymax>92</ymax>
		</bndbox>
	</object>
	<object>
		<name>Bunga Coleus</name>
		<pose>Unspecified</pose>
		<truncated>Unspecified</truncated>
		<difficult>Unspecified</difficult>
		<bndbox>
			<xmin>258</xmin>
			<ymin>48</ymin>
			<xmax>288</xmax>
			<ymax>81</ymax>
		</bndbox>
	</object>
	<object>
		<name>Bunga Coleus</name>
		<pose>Unspecified</pose>
		<truncated>Unspecified</truncated>
		<difficult>Unspecified</difficult>
		<bndbox>
			<xmin>284</xmin>
			<ymin>93</ymin>
			<xmax>300</xmax>
			<ymax>136</ymax>
		</bndbox>
	</object>
</annotation>