<annotation>
	<folder>label-bunga-coleus</folder>
	<filename>coleus 100.jpg</filename>
	<path>/label-bunga-coleus/coleus 100.jpg</path>
	<source>
		<database>Unspecified</database>
	</source>
	<size>
		<width>225</width>
		<height>225</height>
		<depth>3</depth>
	</size>
	<object>
		<name>Bunga Coleus</name>
		<pose>Unspecified</pose>
		<truncated>Unspecified</truncated>
		<difficult>Unspecified</difficult>
		<bndbox>
			<xmin>14</xmin>
			<ymin>27</ymin>
			<xmax>214</xmax>
			<ymax>203</ymax>
		</bndbox>
	</object>
</annotation>