<annotation>
	<folder>label-bunga-coleus</folder>
	<filename>coleus 2.jpg</filename>
	<path>/label-bunga-coleus/coleus 2.jpg</path>
	<source>
		<database>Unspecified</database>
	</source>
	<size>
		<width>224</width>
		<height>225</height>
		<depth>3</depth>
	</size>
	<object>
		<name>Bunga Coleus</name>
		<pose>Unspecified</pose>
		<truncated>Unspecified</truncated>
		<difficult>Unspecified</difficult>
		<bndbox>
			<xmin>17</xmin>
			<ymin>47</ymin>
			<xmax>209</xmax>
			<ymax>196</ymax>
		</bndbox>
	</object>
</annotation>