<annotation>
	<folder>label-bunga-coleus</folder>
	<filename>coleus 146.jpg</filename>
	<path>/label-bunga-coleus/coleus 146.jpg</path>
	<source>
		<database>Unspecified</database>
	</source>
	<size>
		<width>275</width>
		<height>183</height>
		<depth>3</depth>
	</size>
	<object>
		<name>Bunga Coleus</name>
		<pose>Unspecified</pose>
		<truncated>Unspecified</truncated>
		<difficult>Unspecified</difficult>
		<bndbox>
			<xmin>2</xmin>
			<ymin>83</ymin>
			<xmax>275</xmax>
			<ymax>171</ymax>
		</bndbox>
	</object>
</annotation>