<annotation>
	<folder>label-bunga-coleus</folder>
	<filename>coleus 54.jpg</filename>
	<path>/label-bunga-coleus/coleus 54.jpg</path>
	<source>
		<database>Unspecified</database>
	</source>
	<size>
		<width>263</width>
		<height>192</height>
		<depth>3</depth>
	</size>
	<object>
		<name>Bunga Coleus</name>
		<pose>Unspecified</pose>
		<truncated>Unspecified</truncated>
		<difficult>Unspecified</difficult>
		<bndbox>
			<xmin>13</xmin>
			<ymin>5</ymin>
			<xmax>236</xmax>
			<ymax>171</ymax>
		</bndbox>
	</object>
</annotation>