<annotation>
	<folder>label-bunga-coleus</folder>
	<filename>coleus 89.jpg</filename>
	<path>/label-bunga-coleus/coleus 89.jpg</path>
	<source>
		<database>Unspecified</database>
	</source>
	<size>
		<width>275</width>
		<height>183</height>
		<depth>3</depth>
	</size>
	<object>
		<name>Bunga Coleus</name>
		<pose>Unspecified</pose>
		<truncated>Unspecified</truncated>
		<difficult>Unspecified</difficult>
		<bndbox>
			<xmin>10</xmin>
			<ymin>46</ymin>
			<xmax>72</xmax>
			<ymax>120</ymax>
		</bndbox>
	</object>
	<object>
		<name>Bunga Coleus</name>
		<pose>Unspecified</pose>
		<truncated>Unspecified</truncated>
		<difficult>Unspecified</difficult>
		<bndbox>
			<xmin>173</xmin>
			<ymin>18</ymin>
			<xmax>225</xmax>
			<ymax>68</ymax>
		</bndbox>
	</object>
</annotation>