<annotation>
	<folder>label-bunga-coleus</folder>
	<filename>coleus 126.jpg</filename>
	<path>/label-bunga-coleus/coleus 126.jpg</path>
	<source>
		<database>Unspecified</database>
	</source>
	<size>
		<width>265</width>
		<height>190</height>
		<depth>3</depth>
	</size>
	<object>
		<name>Bunga Coleus</name>
		<pose>Unspecified</pose>
		<truncated>Unspecified</truncated>
		<difficult>Unspecified</difficult>
		<bndbox>
			<xmin>28</xmin>
			<ymin>19</ymin>
			<xmax>254</xmax>
			<ymax>149</ymax>
		</bndbox>
	</object>
</annotation>