<annotation>
	<folder>label-bunga-coleus</folder>
	<filename>coleus 68.jpg</filename>
	<path>/label-bunga-coleus/coleus 68.jpg</path>
	<source>
		<database>Unspecified</database>
	</source>
	<size>
		<width>259</width>
		<height>194</height>
		<depth>3</depth>
	</size>
	<object>
		<name>Bunga Coleus</name>
		<pose>Unspecified</pose>
		<truncated>Unspecified</truncated>
		<difficult>Unspecified</difficult>
		<bndbox>
			<xmin>20</xmin>
			<ymin>18</ymin>
			<xmax>247</xmax>
			<ymax>175</ymax>
		</bndbox>
	</object>
</annotation>