<annotation>
	<folder>label-bunga-coleus</folder>
	<filename>coleus 137.jpg</filename>
	<path>/label-bunga-coleus/coleus 137.jpg</path>
	<source>
		<database>Unspecified</database>
	</source>
	<size>
		<width>286</width>
		<height>176</height>
		<depth>3</depth>
	</size>
	<object>
		<name>Bunga Coleus</name>
		<pose>Unspecified</pose>
		<truncated>Unspecified</truncated>
		<difficult>Unspecified</difficult>
		<bndbox>
			<xmin>10</xmin>
			<ymin>12</ymin>
			<xmax>282</xmax>
			<ymax>170</ymax>
		</bndbox>
	</object>
</annotation>