<annotation>
	<folder>label-bunga-coleus</folder>
	<filename>coleus 123.jpg</filename>
	<path>/label-bunga-coleus/coleus 123.jpg</path>
	<source>
		<database>Unspecified</database>
	</source>
	<size>
		<width>194</width>
		<height>259</height>
		<depth>3</depth>
	</size>
	<object>
		<name>Bunga Coleus</name>
		<pose>Unspecified</pose>
		<truncated>Unspecified</truncated>
		<difficult>Unspecified</difficult>
		<bndbox>
			<xmin>7</xmin>
			<ymin>34</ymin>
			<xmax>194</xmax>
			<ymax>219</ymax>
		</bndbox>
	</object>
</annotation>