<annotation>
	<folder>label-bunga-coleus</folder>
	<filename>coleus 102.jpg</filename>
	<path>/label-bunga-coleus/coleus 102.jpg</path>
	<source>
		<database>Unspecified</database>
	</source>
	<size>
		<width>276</width>
		<height>183</height>
		<depth>3</depth>
	</size>
	<object>
		<name>Bunga Coleus</name>
		<pose>Unspecified</pose>
		<truncated>Unspecified</truncated>
		<difficult>Unspecified</difficult>
		<bndbox>
			<xmin>44</xmin>
			<ymin>28</ymin>
			<xmax>232</xmax>
			<ymax>169</ymax>
		</bndbox>
	</object>
</annotation>