<annotation>
	<folder>label-bunga-coleus</folder>
	<filename>coleus 47.jpg</filename>
	<path>/label-bunga-coleus/coleus 47.jpg</path>
	<source>
		<database>Unspecified</database>
	</source>
	<size>
		<width>265</width>
		<height>190</height>
		<depth>3</depth>
	</size>
	<object>
		<name>Bunga Coleus</name>
		<pose>Unspecified</pose>
		<truncated>Unspecified</truncated>
		<difficult>Unspecified</difficult>
		<bndbox>
			<xmin>2</xmin>
			<ymin>97</ymin>
			<xmax>114</xmax>
			<ymax>185</ymax>
		</bndbox>
	</object>
	<object>
		<name>Bunga Coleus</name>
		<pose>Unspecified</pose>
		<truncated>Unspecified</truncated>
		<difficult>Unspecified</difficult>
		<bndbox>
			<xmin>112</xmin>
			<ymin>46</ymin>
			<xmax>242</xmax>
			<ymax>139</ymax>
		</bndbox>
	</object>
</annotation>