<annotation>
	<folder>label-bunga-coleus</folder>
	<filename>coleus 70.jpg</filename>
	<path>/label-bunga-coleus/coleus 70.jpg</path>
	<source>
		<database>Unspecified</database>
	</source>
	<size>
		<width>205</width>
		<height>246</height>
		<depth>3</depth>
	</size>
	<object>
		<name>Bunga Coleus</name>
		<pose>Unspecified</pose>
		<truncated>Unspecified</truncated>
		<difficult>Unspecified</difficult>
		<bndbox>
			<xmin>5</xmin>
			<ymin>8</ymin>
			<xmax>188</xmax>
			<ymax>179</ymax>
		</bndbox>
	</object>
</annotation>