<annotation>
	<folder>label-bunga-coleus</folder>
	<filename>coleus 92.jpg</filename>
	<path>/label-bunga-coleus/coleus 92.jpg</path>
	<source>
		<database>Unspecified</database>
	</source>
	<size>
		<width>275</width>
		<height>183</height>
		<depth>3</depth>
	</size>
	<object>
		<name>Bunga Coleus</name>
		<pose>Unspecified</pose>
		<truncated>Unspecified</truncated>
		<difficult>Unspecified</difficult>
		<bndbox>
			<xmin>58</xmin>
			<ymin>47</ymin>
			<xmax>226</xmax>
			<ymax>117</ymax>
		</bndbox>
	</object>
</annotation>