<annotation>
	<folder>label-bunga-coleus</folder>
	<filename>coleus 106.jpg</filename>
	<path>/label-bunga-coleus/coleus 106.jpg</path>
	<source>
		<database>Unspecified</database>
	</source>
	<size>
		<width>205</width>
		<height>246</height>
		<depth>3</depth>
	</size>
	<object>
		<name>Bunga Coleus</name>
		<pose>Unspecified</pose>
		<truncated>Unspecified</truncated>
		<difficult>Unspecified</difficult>
		<bndbox>
			<xmin>23</xmin>
			<ymin>15</ymin>
			<xmax>190</xmax>
			<ymax>131</ymax>
		</bndbox>
	</object>
</annotation>