<annotation>
	<folder>label-bunga-coleus</folder>
	<filename>images (4).jpg</filename>
	<path>/label-bunga-coleus/images (4).jpg</path>
	<source>
		<database>Unspecified</database>
	</source>
	<size>
		<width>194</width>
		<height>259</height>
		<depth>3</depth>
	</size>
	<object>
		<name>Bunga Coleus</name>
		<pose>Unspecified</pose>
		<truncated>Unspecified</truncated>
		<difficult>Unspecified</difficult>
		<bndbox>
			<xmin>18</xmin>
			<ymin>15</ymin>
			<xmax>175</xmax>
			<ymax>243</ymax>
		</bndbox>
	</object>
</annotation>