<annotation>
	<folder>label-bunga-coleus</folder>
	<filename>IMG_3883.jpg</filename>
	<path>/label-bunga-coleus/IMG_3883.jpg</path>
	<source>
		<database>Unspecified</database>
	</source>
	<size>
		<width>3024</width>
		<height>4032</height>
		<depth>3</depth>
	</size>
	<object>
		<name>Bunga Coleus</name>
		<pose>Unspecified</pose>
		<truncated>Unspecified</truncated>
		<difficult>Unspecified</difficult>
		<bndbox>
			<xmin>916</xmin>
			<ymin>604</ymin>
			<xmax>2818</xmax>
			<ymax>4032</ymax>
		</bndbox>
	</object>
	<object>
		<name>Bunga Coleus</name>
		<pose>Unspecified</pose>
		<truncated>Unspecified</truncated>
		<difficult>Unspecified</difficult>
		<bndbox>
			<xmin>59</xmin>
			<ymin>2089</ymin>
			<xmax>1202</xmax>
			<ymax>4024</ymax>
		</bndbox>
	</object>
</annotation>