<annotation>
	<folder>label-bunga-coleus</folder>
	<filename>IMG_3882.jpg</filename>
	<path>/label-bunga-coleus/IMG_3882.jpg</path>
	<source>
		<database>Unspecified</database>
	</source>
	<size>
		<width>3024</width>
		<height>4032</height>
		<depth>3</depth>
	</size>
	<object>
		<name>Bunga Coleus</name>
		<pose>Unspecified</pose>
		<truncated>Unspecified</truncated>
		<difficult>Unspecified</difficult>
		<bndbox>
			<xmin>10</xmin>
			<ymin>106</ymin>
			<xmax>2255</xmax>
			<ymax>2587</ymax>
		</bndbox>
	</object>
	<object>
		<name>Bunga Coleus</name>
		<pose>Unspecified</pose>
		<truncated>Unspecified</truncated>
		<difficult>Unspecified</difficult>
		<bndbox>
			<xmin>1112</xmin>
			<ymin>2506</ymin>
			<xmax>2540</xmax>
			<ymax>3967</ymax>
		</bndbox>
	</object>
</annotation>