<annotation>
	<folder>label-bunga-coleus</folder>
	<filename>IMG_3834.jpg</filename>
	<path>/label-bunga-coleus/IMG_3834.jpg</path>
	<source>
		<database>Unspecified</database>
	</source>
	<size>
		<width>3024</width>
		<height>4032</height>
		<depth>3</depth>
	</size>
	<object>
		<name>Bunga Coleus</name>
		<pose>Unspecified</pose>
		<truncated>Unspecified</truncated>
		<difficult>Unspecified</difficult>
		<bndbox>
			<xmin>124</xmin>
			<ymin>1281</ymin>
			<xmax>2802</xmax>
			<ymax>4032</ymax>
		</bndbox>
	</object>
	<object>
		<name>Bunga Coleus</name>
		<pose>Unspecified</pose>
		<truncated>Unspecified</truncated>
		<difficult>Unspecified</difficult>
		<bndbox>
			<xmin>516</xmin>
			<ymin>33</ymin>
			<xmax>2940</xmax>
			<ymax>1216</ymax>
		</bndbox>
	</object>
</annotation>