<annotation>
	<folder>label-bunga-coleus</folder>
	<filename>IMG_3889.jpg</filename>
	<path>/label-bunga-coleus/IMG_3889.jpg</path>
	<source>
		<database>Unspecified</database>
	</source>
	<size>
		<width>3024</width>
		<height>4032</height>
		<depth>3</depth>
	</size>
	<object>
		<name>Bunga Coleus</name>
		<pose>Unspecified</pose>
		<truncated>Unspecified</truncated>
		<difficult>Unspecified</difficult>
		<bndbox>
			<xmin>459</xmin>
			<ymin>73</ymin>
			<xmax>2785</xmax>
			<ymax>2995</ymax>
		</bndbox>
	</object>
	<object>
		<name>Bunga Coleus</name>
		<pose>Unspecified</pose>
		<truncated>Unspecified</truncated>
		<difficult>Unspecified</difficult>
		<bndbox>
			<xmin>1365</xmin>
			<ymin>3126</ymin>
			<xmax>2051</xmax>
			<ymax>3722</ymax>
		</bndbox>
	</object>
	<object>
		<name>Bunga Coleus</name>
		<pose>Unspecified</pose>
		<truncated>Unspecified</truncated>
		<difficult>Unspecified</difficult>
		<bndbox>
			<xmin>18</xmin>
			<ymin>571</ymin>
			<xmax>443</xmax>
			<ymax>1306</ymax>
		</bndbox>
	</object>
</annotation>