<annotation>
	<folder>label-bunga-coleus</folder>
	<filename>IMG_3851.jpg</filename>
	<path>/label-bunga-coleus/IMG_3851.jpg</path>
	<source>
		<database>Unspecified</database>
	</source>
	<size>
		<width>3024</width>
		<height>4032</height>
		<depth>3</depth>
	</size>
	<object>
		<name>Bunga Coleus</name>
		<pose>Unspecified</pose>
		<truncated>Unspecified</truncated>
		<difficult>Unspecified</difficult>
		<bndbox>
			<xmin>484</xmin>
			<ymin>49</ymin>
			<xmax>1887</xmax>
			<ymax>1363</ymax>
		</bndbox>
	</object>
	<object>
		<name>Bunga Coleus</name>
		<pose>Unspecified</pose>
		<truncated>Unspecified</truncated>
		<difficult>Unspecified</difficult>
		<bndbox>
			<xmin>777</xmin>
			<ymin>1992</ymin>
			<xmax>1602</xmax>
			<ymax>2718</ymax>
		</bndbox>
	</object>
	<object>
		<name>Bunga Coleus</name>
		<pose>Unspecified</pose>
		<truncated>Unspecified</truncated>
		<difficult>Unspecified</difficult>
		<bndbox>
			<xmin>369</xmin>
			<ymin>1665</ymin>
			<xmax>965</xmax>
			<ymax>2008</ymax>
		</bndbox>
	</object>
	<object>
		<name>Bunga Coleus</name>
		<pose>Unspecified</pose>
		<truncated>Unspecified</truncated>
		<difficult>Unspecified</difficult>
		<bndbox>
			<xmin>1659</xmin>
			<ymin>1053</ymin>
			<xmax>2304</xmax>
			<ymax>1641</ymax>
		</bndbox>
	</object>
</annotation>