<annotation>
	<folder>label-bunga-coleus</folder>
	<filename>IMG_3880.jpg</filename>
	<path>/label-bunga-coleus/IMG_3880.jpg</path>
	<source>
		<database>Unspecified</database>
	</source>
	<size>
		<width>3024</width>
		<height>4032</height>
		<depth>3</depth>
	</size>
	<object>
		<name>Bunga Coleus</name>
		<pose>Unspecified</pose>
		<truncated>Unspecified</truncated>
		<difficult>Unspecified</difficult>
		<bndbox>
			<xmin>639</xmin>
			<ymin>1086</ymin>
			<xmax>2957</xmax>
			<ymax>3967</ymax>
		</bndbox>
	</object>
	<object>
		<name>Bunga Coleus</name>
		<pose>Unspecified</pose>
		<truncated>Unspecified</truncated>
		<difficult>Unspecified</difficult>
		<bndbox>
			<xmin>818</xmin>
			<ymin>73</ymin>
			<xmax>1781</xmax>
			<ymax>857</ymax>
		</bndbox>
	</object>
</annotation>