<annotation>
	<folder>label-bunga-coleus</folder>
	<filename>IMG_3849.jpg</filename>
	<path>/label-bunga-coleus/IMG_3849.jpg</path>
	<source>
		<database>Unspecified</database>
	</source>
	<size>
		<width>3024</width>
		<height>4032</height>
		<depth>3</depth>
	</size>
	<object>
		<name>Bunga Coleus</name>
		<pose>Unspecified</pose>
		<truncated>Unspecified</truncated>
		<difficult>Unspecified</difficult>
		<bndbox>
			<xmin>35</xmin>
			<ymin>24</ymin>
			<xmax>2467</xmax>
			<ymax>1877</ymax>
		</bndbox>
	</object>
	<object>
		<name>Bunga Coleus</name>
		<pose>Unspecified</pose>
		<truncated>Unspecified</truncated>
		<difficult>Unspecified</difficult>
		<bndbox>
			<xmin>769</xmin>
			<ymin>2734</ymin>
			<xmax>2271</xmax>
			<ymax>3461</ymax>
		</bndbox>
	</object>
</annotation>