<annotation>
	<folder>label-bunga-coleus</folder>
	<filename>IMG_3856.jpg</filename>
	<path>/label-bunga-coleus/IMG_3856.jpg</path>
	<source>
		<database>Unspecified</database>
	</source>
	<size>
		<width>3024</width>
		<height>4032</height>
		<depth>3</depth>
	</size>
	<object>
		<name>Bunga Coleus</name>
		<pose>Unspecified</pose>
		<truncated>Unspecified</truncated>
		<difficult>Unspecified</difficult>
		<bndbox>
			<xmin>475</xmin>
			<ymin>98</ymin>
			<xmax>2997</xmax>
			<ymax>2604</ymax>
		</bndbox>
	</object>
	<object>
		<name>Bunga Coleus</name>
		<pose>Unspecified</pose>
		<truncated>Unspecified</truncated>
		<difficult>Unspecified</difficult>
		<bndbox>
			<xmin>1071</xmin>
			<ymin>2449</ymin>
			<xmax>2989</xmax>
			<ymax>3983</ymax>
		</bndbox>
	</object>
</annotation>