<annotation>
	<folder>label-bunga-coleus</folder>
	<filename>IMG_3884.jpg</filename>
	<path>/label-bunga-coleus/IMG_3884.jpg</path>
	<source>
		<database>Unspecified</database>
	</source>
	<size>
		<width>3024</width>
		<height>4032</height>
		<depth>3</depth>
	</size>
	<object>
		<name>Bunga Coleus</name>
		<pose>Unspecified</pose>
		<truncated>Unspecified</truncated>
		<difficult>Unspecified</difficult>
		<bndbox>
			<xmin>27</xmin>
			<ymin>196</ymin>
			<xmax>1863</xmax>
			<ymax>3869</ymax>
		</bndbox>
	</object>
	<object>
		<name>Bunga Coleus</name>
		<pose>Unspecified</pose>
		<truncated>Unspecified</truncated>
		<difficult>Unspecified</difficult>
		<bndbox>
			<xmin>2475</xmin>
			<ymin>3461</ymin>
			<xmax>2940</xmax>
			<ymax>4032</ymax>
		</bndbox>
	</object>
</annotation>