<annotation>
	<folder>label-bunga-coleus</folder>
	<filename>IMG_3887.jpg</filename>
	<path>/label-bunga-coleus/IMG_3887.jpg</path>
	<source>
		<database>Unspecified</database>
	</source>
	<size>
		<width>3024</width>
		<height>4032</height>
		<depth>3</depth>
	</size>
	<object>
		<name>Bunga Coleus</name>
		<pose>Unspecified</pose>
		<truncated>Unspecified</truncated>
		<difficult>Unspecified</difficult>
		<bndbox>
			<xmin>508</xmin>
			<ymin>498</ymin>
			<xmax>2720</xmax>
			<ymax>2938</ymax>
		</bndbox>
	</object>
</annotation>